<?xml version="1.0" encoding="UTF-8"?>
<project-private xmlns="http://www.netbeans.org/ns/project-private/1">
    <editor-bookmarks xmlns="http://www.netbeans.org/ns/editor-bookmarks/2" lastBookmarkId="0"/>
    <open-files xmlns="http://www.netbeans.org/ns/projectui-open-files/2">
        <group>
            <file>file:/C:/Users/USUARIO/Documents/NetBeansProjects/ISO/Juan/src/interfaces/Interfaz.java</file>
            <file>file:/C:/Users/USUARIO/Documents/NetBeansProjects/ISO/Juan/src/aplicacion/package-info.java</file>
            <file>file:/C:/Users/USUARIO/Documents/NetBeansProjects/ISO/Juan/src/aplicacion/Principal.java</file>
            <file>file:/C:/Users/USUARIO/Documents/NetBeansProjects/ISO/Juan/src/dominio/Catalogo.java</file>
        </group>
    </open-files>
</project-private>
